{"cameraMode":{"drawMode":0,"name":"Shaded","section":"Shading Mode"},"sceneLighting":true,"audioPlay":false,"sceneViewState":{"showFog":true,"showMaterialUpdate":false,"showSkybox":true,"showFlares":true,"showImageEffects":true,"showParticleSystems":true},"in2DMode":false,"pivot":{"x":0.6930691003799439,"y":0.3147616386413574,"z":-0.9944100379943848},"rotation":{"x":-0.02320638671517372,"y":0.975389838218689,"z":-0.1793154925107956,"w":-0.12622946500778199},"size":4.957884311676025,"orthographic":false}